,Aspect,Curvature,dem,dis2riv,dis2road,FVC,landcover,precipit,Slope,TRI,TWI,Traffic,Population
622,270.0,-0.0,42,15976.9,305.941,0.548369,80,371.981188588,1.87535,2.0,8.61203,0,27.0562
112,180.0,0.444444,64,713.092,30.0,0.608311,50,386.37350699,1.86869,4.89898,6.82383,14,136.952
663,-1.0,-0.0,61,11846.0,0.0,0.512683,20,378.659940221,0.0,0.0,11.0021,0,83.6928
237,270.0,-0.0,58,12000.9,30.0,0.731048,20,379.39155969,0.624266,1.41421,7.92056,0,0.0
488,105.255,0.222222,42,5165.58,120.0,0.698673,10,403.108545106,3.55765,3.87298,6.17904,0,0.0
17,23.1986,0.111111,38,10425.7,90.0,0.390653,80,406.969206861,2.37224,2.44949,6.58502,32,176.268
733,284.036,-0.333333,253,6287.27,161.555,0.675852,20,374.050772824,22.0163,22.9565,5.69295,0,0.0
202,0.0,-0.111111,37,12606.5,0.0,0.408288,80,406.445023941,1.24589,1.73205,9.17533,4,147.597
682,-1.0,-0.0,36,5388.65,180.0,0.445923,80,409.408927005,0.0,0.0,10.309,0,38.0444
428,146.31,0.111111,76,3457.69,0.0,0.394843,80,380.819133966,2.24774,2.23607,6.63899,0,127.298
49,341.565,0.111111,69,5578.39,90.0,0.579745,80,382.634631127,0.986157,1.41421,8.15641,0,124.279
3,0.0,0.111111,57,19787.7,0.0,0.384205,80,394.339409873,1.2478,1.73205,8.3265,36,173.583
403,225.0,-0.222222,45,16973.3,60.0,0.35851,80,400.045839555,6.57595,7.4162,6.25475,0,35.223
326,254.055,-0.111111,26,792.023,201.246,0.660171,10,404.551212366,4.54191,4.58258,7.72574,0,0.0
229,221.186,-0.111111,143,2575.99,270.0,0.679385,20,376.273228752,19.1529,19.5192,6.06816,1,0.0
1,330.945,-0.222222,50,16422.5,60.0,0.477273,80,399.222721316,3.20927,3.60555,8.07409,20,176.459
341,96.3402,-0.0,76,8104.5,453.982,0.638002,10,378.388124042,2.81674,3.0,8.2048,5,0.0
438,18.4349,0.111111,51,16368.7,0.0,0.304941,80,395.601580573,2.95918,3.16228,6.36362,6,178.743
295,240.945,0.333333,44,8219.4,60.0,0.441006,80,407.5846413,3.20642,4.0,6.28323,0,182.336
475,156.801,-0.0,40,15190.6,60.0,0.512368,80,400.303096609,2.37105,2.64575,7.27867,0,153.755
79,98.1301,-0.0,51,6223.83,60.0,0.395525,80,393.240568057,2.20165,2.23607,7.75834,18,161.307
657,45.0,0.222222,45,14921.8,0.0,0.532182,80,391.495428616,1.32514,2.23607,7.16773,0,156.572
468,300.964,-0.222222,42,10689.0,30.0,0.420462,80,405.755549023,1.81927,2.23607,7.94927,2,144.584
191,338.199,0.222222,47,11566.2,150.0,0.376365,80,396.853830157,3.35213,3.4641,6.23869,20,131.556
250,-1.0,-0.0,49,21533.9,0.0,0.532774,80,380.727199316,0.0,0.0,11.4076,0,50.6095
13,225.0,-0.0,43,9896.27,120.0,0.392701,80,407.145493009,0.440818,1.0,8.26853,0,153.256
714,180.0,-0.333333,40,13666.3,90.0,0.455523,80,399.12460986,0.623036,2.64575,11.0136,0,162.487
264,246.038,-0.111111,63,8751.83,241.868,0.51835,80,382.262602262,6.11112,6.08276,6.32866,1,93.2838
673,65.0372,1.0,524,14692.3,551.543,0.640532,30,358.164534745,34.93,40.3361,4.45333,0,0.0
96,126.87,0.333333,56,8785.49,94.8683,0.433143,80,389.036188026,3.11499,4.12311,6.31221,15,172.741
427,198.435,-0.333333,27,7872.19,120.0,0.451513,80,409.886109984,0.986955,2.44949,11.1513,0,90.1883
104,319.086,0.111111,64,11981.5,0.0,0.63637,20,382.658779681,6.16994,6.32456,6.31901,0,117.072
413,288.435,0.111111,43,4506.5,30.0,0.312168,80,408.823756815,4.91919,5.09902,5.85382,0,159.354
589,206.565,-0.0,84,7258.33,361.248,0.431174,80,383.275532824,5.55332,5.47723,6.8305,1,87.7213
495,266.186,-0.111111,33,3414.34,120.0,0.217726,80,412.831381079,4.67504,4.89898,7.98441,0,144.052
105,135.0,0.222222,55,5474.49,0.0,0.474422,80,391.050444837,1.76204,2.44949,6.88264,10,70.9834
338,243.435,-0.111111,59,11154.2,84.8528,0.726338,20,379.020179074,2.78962,3.0,7.52134,0,98.7324
386,180.0,-0.0,45,19264.0,90.0,0.488088,80,386.928813445,1.87334,2.0,8.43079,0,123.961
432,258.69,-0.111111,62,9287.8,150.0,0.418791,80,387.497745108,3.17724,3.31662,6.98553,0,177.735
651,294.444,-0.444444,42,10144.8,30.0,0.281099,80,404.895840345,3.76286,6.245,9.2583,0,173.546
245,156.801,0.111111,67,3236.94,67.082,0.569659,80,384.259667677,2.3732,2.44949,6.58461,0,160.543
396,135.0,-0.0,36,13789.9,60.0,0.671903,20,405.95530603,1.76115,2.0,6.88314,0,55.0441
472,90.0,-0.111111,53,4885.95,0.0,0.382127,80,385.230873342,1.24542,1.73205,8.61609,1,93.1584
204,225.0,0.222222,42,13842.0,360.0,0.376024,80,399.330535208,1.32131,1.73205,7.17062,0,101.639
232,71.565,-0.333333,81,2670.0,60.0,0.411694,80,378.87233007,0.986305,2.44949,9.25487,3,136.836
333,324.462,-0.0,100,3396.5,67.082,0.475233,80,381.429263448,5.34621,5.2915,6.86874,0,74.5281
168,315.0,-0.0,43,11667.8,150.0,0.595622,80,397.504183336,1.76162,2.44949,6.88287,12,167.4
633,59.0362,0.222222,67,7989.81,108.167,0.579979,80,380.340795266,1.81866,2.64575,6.85099,0,87.2332
524,180.0,-0.0,52,21060.8,30.0,0.369664,80,379.90391158,2.49768,2.44949,7.22658,0,111.623
496,341.565,-0.222222,53,13666.4,67.082,0.233829,60,391.719286525,3.93882,4.24264,7.86872,0,0.0
530,45.0,-0.0,26,1032.28,30.0,0.642712,10,409.906720763,3.53139,3.4641,6.87961,0,23.7738
316,282.995,-0.222222,38,1132.08,30.0,0.443709,80,402.903151404,4.16276,4.58258,7.63092,0,36.1841
93,180.0,-0.111111,50,15788.2,30.0,0.574135,60,389.317977163,1.24783,2.64575,9.62576,33,153.412
508,18.4349,0.333333,60,19710.0,150.0,0.433661,80,393.175417167,2.9586,3.74166,6.36382,2,116.925
161,101.31,0.111111,56,12390.1,90.0,0.488733,80,392.309032437,1.5895,2.0,6.98575,19,173.015
735,-1.0,-0.0,47,14619.3,192.094,0.668374,10,367.859435016,0.0,0.0,11.0021,0,34.21
382,8.1301,-0.222222,45,16421.8,94.8683,0.343247,80,374.332273434,2.20958,3.0,7.34927,0,128.401
583,51.5198,-0.222222,250,10602.1,90.0,0.625928,20,377.955006758,15.1616,15.3297,8.65817,0,0.0
226,33.6901,0.111111,78,3546.73,30.0,0.359541,80,381.462890335,2.24764,3.0,6.63903,6,118.268
658,90.0,-0.111111,52,6732.04,30.0,0.350534,80,392.378029274,1.24616,1.73205,7.2292,0,133.796
38,71.565,-0.333333,81,2670.0,60.0,0.411694,80,378.87233007,0.986305,2.44949,9.25487,3,136.836
51,135.0,0.111111,48,7250.32,420.0,0.506759,30,393.792439587,0.880691,1.73205,7.57639,0,52.6233
629,188.13,-0.0,73,685.42,60.0,0.428411,20,382.395070353,2.20332,2.23607,7.75758,0,69.6858
48,45.0,-0.0,46,13244.4,120.0,0.370277,80,399.090591121,1.76576,2.0,9.27842,16,175.172
561,270.0,-0.333333,43,9088.86,30.0,0.248147,80,405.444287908,1.24742,3.0,9.86725,0,170.085
775,83.991,-0.333333,34,6797.9,60.0,0.457638,80,413.557193993,11.7771,11.7898,5.66219,0,34.8647
180,341.565,-0.111111,52,7848.14,60.0,0.572434,80,390.790925831,0.985612,1.41421,9.07326,3,165.29
447,225.0,0.222222,59,19026.0,30.0,0.52962,80,389.373465771,1.76593,3.4641,6.88043,0,62.2331
142,0.0,-0.0,46,15696.2,60.0,0.318378,80,401.090169782,4.36137,4.24264,7.361,17,148.466
67,243.435,-0.222222,47,14312.2,0.0,0.391825,80,394.215853412,1.39414,2.82843,11.1945,8,177.417
39,225.0,-0.0,49,19636.4,90.0,0.589127,80,384.227799709,1.76583,2.0,6.88049,0,108.657
407,66.8014,0.111111,48,18112.5,150.0,0.551666,80,397.561755015,2.37521,2.44949,6.58376,0,119.849
63,327.529,0.111111,52,12868.7,0.0,0.393051,80,402.699156441,4.06204,5.65685,6.04606,123,179.651
442,135.0,-0.0,40,15534.8,182.483,0.456142,80,399.265139968,1.32057,2.23607,7.17119,0,18.1336
718,63.4349,-0.222222,46,13608.3,42.4264,0.65089,80,396.420271863,1.3963,2.0,8.72484,0,145.42
511,71.565,-0.111111,56,19595.9,210.0,0.344862,80,393.686145123,0.986963,1.41421,7.46245,0,128.544
247,153.435,0.111111,42,17076.1,60.0,0.704366,20,389.63781302,2.79158,3.0,6.42203,0,62.6241
575,18.4349,-0.111111,84,9508.11,0.0,0.373388,80,380.047574275,0.985033,1.41421,8.15755,0,44.3976
248,239.036,-0.222222,43,14845.1,0.0,0.439154,80,392.220128366,1.82079,2.64575,8.45926,3,155.62
217,108.435,-0.333333,53,19400.0,90.0,0.415461,80,396.032441622,0.986672,2.44949,11.6524,15,152.733
729,332.103,-0.0,54,13753.7,0.0,0.530761,80,401.950890807,5.9808,5.74456,5.65723,1,175.742
699,216.87,0.222222,59,12163.9,30.0,0.453725,80,368.352809913,3.12193,3.4641,6.30998,0,45.7422
501,270.0,-0.222222,43,14393.8,758.947,0.455943,80,372.980272,2.5001,3.16228,8.93036,0,20.274
738,237.529,-0.111111,51,19501.1,30.0,0.711598,30,381.389647914,4.06782,4.0,6.73778,0,37.0496
790,225.0,0.222222,29,4395.28,60.0,0.464148,80,415.966434779,1.76364,2.0,6.88173,0,115.794
557,-1.0,-0.0,38,9587.85,67.082,0.51184,80,408.631650102,0.0,1.41421,10.309,0,172.408
429,270.0,-0.111111,40,12192.6,42.4264,0.484912,80,394.088822497,1.24944,1.73205,8.32518,30,86.6518
593,225.0,-0.222222,39,10259.6,67.082,0.392276,80,407.757074882,1.32176,2.23607,8.55658,0,142.568
167,161.565,0.111111,48,12900.3,0.0,0.564103,80,398.15222632,2.95344,3.16228,6.36557,14,180.369
365,45.0,0.222222,41,11436.5,0.0,0.303818,80,406.223825751,1.76243,2.44949,6.88242,0,174.677
352,210.964,-0.333333,109,3120.29,429.535,0.530792,20,379.403217823,9.01337,9.05539,7.64031,0,26.9004
678,239.036,0.222222,71,5317.79,120.0,0.412978,80,378.971677374,1.81857,2.23607,6.85104,0,96.1428
580,261.87,-0.0,37,12060.5,0.0,0.425725,80,403.155417345,6.58971,6.7082,6.6581,0,179.068
369,29.0546,-0.222222,96,9863.98,271.662,0.668991,20,379.274371084,6.38881,6.9282,8.15567,0,27.5757
703,116.565,0.222222,50,11704.5,330.0,0.589504,10,366.671495844,1.39898,2.82843,7.11348,0,18.5637
102,315.0,0.111111,61,10110.7,30.0,0.470236,80,384.34965189,0.882297,1.73205,7.57457,0,109.071
491,191.31,0.111111,67,3696.7,120.0,0.34006,80,383.960026288,1.58949,2.0,6.98575,6,158.707
183,239.036,-0.222222,56,3882.07,201.246,0.334271,80,389.641077163,1.81632,2.64575,9.0495,13,109.892
727,90.0,-0.0,63,14421.2,67.082,0.389832,80,360.73879042,2.49998,2.44949,7.9188,0,45.7819
715,326.31,0.111111,43,14011.6,60.0,0.414373,80,397.531546,2.24381,2.23607,6.64074,0,35.8461
598,135.0,0.222222,36,6025.89,180.0,0.360341,80,411.043064671,1.32189,1.73205,7.17018,0,136.774
214,11.3099,-0.111111,39,14809.6,30.0,0.577656,80,403.585412833,3.17539,3.87298,7.39158,2,176.017
770,75.9638,0.111111,49,16075.5,180.0,0.59683,80,364.568513902,2.57755,3.0,6.50191,0,0.0
262,326.31,0.111111,56,2172.67,330.0,0.392688,80,389.050878558,2.24529,2.23607,6.64008,0,77.7073
697,171.87,-0.0,31,42.4264,216.333,0.511358,10,410.236621022,2.20849,2.23607,7.34977,0,45.28
344,71.565,-0.111111,32,540.833,30.0,0.410864,80,399.846488025,0.988442,1.41421,7.46095,0,37.909
599,155.556,-0.222222,45,11645.1,174.929,0.553106,80,400.700557243,3.76772,3.87298,6.81466,0,77.3027
606,192.265,-0.0,236,16209.8,30.0,0.661358,30,377.378738985,14.3914,14.5602,7.06403,0,0.0
725,0.0,-0.0,48,16105.5,90.0,0.457134,80,369.734773864,2.49901,2.44949,7.22604,0,0.0
639,116.565,-0.111111,48,14007.2,0.0,0.394515,80,396.390723156,1.39376,1.73205,7.11722,0,157.186
512,288.435,-0.333333,55,12252.4,0.0,0.278646,80,391.477608357,0.986023,3.16228,12.3232,0,163.334
782,296.565,0.333333,69,18681.3,0.0,0.326463,80,396.825167227,13.6804,14.4568,4.8142,10,168.368
343,146.31,0.222222,40,13999.4,67.082,0.425614,80,405.796533281,2.24501,2.82843,6.6402,0,125.908
367,96.3402,-0.0,43,14377.5,1434.05,0.53033,80,371.439315265,2.82957,3.0,8.01792,0,20.9618
706,0.0,-0.0,77,4390.47,60.0,0.323195,80,380.23116792,2.49372,2.44949,7.22816,0,145.774
139,180.0,-0.444444,45,14555.3,60.0,0.487533,80,398.388886941,2.49613,4.47214,9.75293,14,172.073
166,180.0,-0.222222,45,8358.59,123.693,0.491753,80,394.963457896,2.49052,3.16228,8.73353,14,158.45
566,336.371,-0.333333,263,7585.26,618.466,0.696694,20,367.83671894,20.8516,21.5639,8.44396,0,0.0
91,135.0,-0.222222,47,17464.7,60.0,0.371361,80,398.214515978,2.20534,3.0,9.05594,23,162.863
774,11.3099,-0.111111,47,17756.5,270.0,0.616119,10,371.246620851,1.59341,2.0,7.67644,0,0.0
45,186.34,-0.0,56,1865.07,30.0,0.306611,80,388.021564073,2.81933,3.0,7.10526,9,114.372
198,195.255,-0.0,33,2600.5,271.662,0.382245,80,411.252900046,3.55018,3.87298,6.18115,0,119.526
224,0.0,-0.111111,36,6107.78,0.0,0.431844,80,398.875755277,1.24964,1.73205,10.9153,2,123.803
238,8.1301,0.222222,66,512.64,0.0,0.419054,20,384.896908429,2.20259,3.0,6.6593,0,136.501
276,-1.0,0.444444,87,2121.32,60.0,0.426699,80,378.535976357,0.0,2.82843,10.309,2,120.881
795,63.4349,0.111111,24,700.357,335.41,0.530423,10,418.498778004,1.39611,1.73205,8.21415,0,0.0
545,288.435,-0.111111,40,6564.79,94.8683,0.466536,80,407.188646196,0.986448,1.41421,9.07241,0,143.794
239,45.0,-0.222222,59,958.593,120.0,0.454909,80,387.580079476,0.881206,2.44949,9.36757,1,153.74
414,180.0,0.111111,49,16224.3,60.0,0.478234,80,399.800295865,1.24821,1.73205,7.22756,20,152.616
601,119.476,-0.444444,40,13317.2,0.0,0.308446,80,403.083483274,8.19093,8.544,7.13131,0,177.715
419,90.0,-0.0,60,15005.3,42.4264,0.604071,30,373.357470825,11.7067,11.6619,6.07382,0,46.5641
125,251.565,0.333333,42,11024.5,30.0,0.267057,80,406.626874611,0.985438,2.44949,7.464,28,173.717
602,243.435,0.222222,56,18215.0,120.0,0.367778,80,394.125933931,1.39478,2.0,7.11649,3,173.185
389,243.435,-0.222222,45,15490.8,120.0,0.506043,80,400.51086475,1.3957,2.0,9.06174,0,175.482
354,94.3987,-0.111111,84,8230.34,134.164,0.664929,80,365.106036469,4.06753,4.24264,7.431,0,0.0
122,239.036,-0.222222,56,3882.07,201.246,0.334271,80,389.641077163,1.81632,2.64575,9.0495,13,109.892
209,236.31,-0.111111,59,15012.1,30.0,0.376197,80,387.551378104,2.24894,2.64575,7.73706,4,123.352
251,0.0,-0.444444,47,1288.6,391.152,0.120389,60,386.12056799,1.86844,3.4641,8.90341,17,57.6093
4,15.9454,-0.0,60,17749.5,30.0,0.424828,80,396.353967995,4.53116,4.89898,7.03497,13,172.542
666,315.0,0.222222,51,8082.98,30.0,0.468788,80,392.436874499,0.881409,2.0,7.57558,1,140.54
253,71.565,-0.333333,81,2670.0,60.0,0.411694,80,378.87233007,0.986305,2.44949,9.25487,3,136.836
686,-1.0,-0.0,64,9410.3,90.0,0.473733,80,381.964675433,0.0,0.0,10.309,0,96.6898
178,180.0,0.111111,56,19704.2,0.0,0.664476,80,386.672794995,1.24859,1.73205,7.22725,21,174.858
794,120.964,0.222222,25,2270.7,301.496,0.578696,10,415.597654906,1.81933,2.64575,6.85062,0,0.0
490,45.0,-0.222222,76,16211.4,90.0,0.534478,10,358.295229775,1.76873,2.82843,10.4342,0,0.0
303,194.036,-0.0,38,14118.4,0.0,0.388146,80,405.575380801,2.56646,2.82843,8.45214,0,53.409
337,307.875,-0.0,55,17713.0,30.0,0.549752,80,389.204812544,3.55366,3.60555,6.87331,1,122.355
177,98.1301,-0.0,51,6223.83,60.0,0.395525,80,393.240568057,2.20165,2.23607,7.75834,18,161.307
176,63.4349,-0.333333,55,18462.6,30.0,0.505437,10,375.922833698,2.79252,3.87298,8.72427,0,37.337
627,180.0,-0.111111,35,9151.18,216.333,0.485539,80,407.191217053,1.24817,1.73205,7.92074,0,50.717
394,52.125,0.333333,60,19813.9,0.0,0.520248,80,390.561208728,3.55422,4.69042,6.18001,0,151.176
690,73.6105,-0.333333,68,2441.82,254.558,0.603981,80,385.208422549,5.50341,6.0,6.43412,0,101.156
25,270.0,-0.0,38,6514.42,90.0,0.484805,80,408.916426178,0.623461,1.41421,7.92185,11,101.742
106,18.4349,0.111111,55,5502.36,0.0,0.474422,80,391.050444837,0.985225,2.0,7.46421,14,70.9834
611,49.7636,-0.0,101,9726.76,42.4264,0.483348,80,368.852258645,5.30524,5.38516,6.47101,0,16.2545
781,266.76,0.666667,158,1008.02,218.403,0.651151,20,377.231771217,16.1199,17.6352,4.64248,0,0.0
605,23.1986,-0.111111,37,10852.9,0.0,0.399005,80,405.104190864,2.37541,2.82843,9.95098,0,175.879
128,52.125,-0.0,46,11976.4,42.4264,0.490511,80,404.110943614,3.55078,3.87298,6.18098,40,180.408
478,315.0,-0.222222,74,1710.26,360.0,0.417886,80,382.282751192,1.76314,2.0,7.98063,0,84.7818
216,66.8014,0.111111,52,15377.1,0.0,0.441114,80,396.276069633,7.08686,7.2111,5.48606,28,177.689
679,351.87,-0.0,37,10218.9,123.693,0.398928,80,409.392292297,2.20142,2.23607,6.65983,0,71.5748
315,45.0,-0.0,58,11576.8,150.0,0.563172,80,381.608137818,0.440287,1.0,8.96288,0,41.9697
756,221.987,0.222222,390,8547.1,108.167,0.687048,20,375.076953589,16.3423,17.088,5.72664,0,0.0
645,117.801,-0.111111,253,8753.27,300.0,0.727822,30,369.355364164,18.7274,19.1833,5.17606,0,0.0
273,135.0,-0.222222,73,2096.78,0.0,0.394369,80,381.905812394,1.32261,2.23607,9.11555,0,106.89
92,171.87,-0.0,47,12874.0,0.0,0.552351,80,398.15222632,2.20223,2.23607,7.35261,13,179.194
35,171.87,-0.222222,50,14515.2,90.0,0.397385,80,394.689948607,2.20372,3.0,9.29784,17,176.564
670,315.0,0.222222,31,6720.0,0.0,0.425214,80,416.57792032,1.32149,2.23607,7.17049,0,64.6024
528,270.0,-0.111111,46,15511.0,30.0,0.610757,80,367.422975767,0.625188,1.73205,11.2513,0,25.7738
244,18.4349,-0.111111,71,4415.0,120.0,0.28972,80,383.650928887,0.986014,2.0,8.8497,7,135.26
592,120.964,0.222222,45,16035.7,241.868,0.716883,10,365.535370341,1.82244,2.23607,6.84891,0,0.0
252,90.0,-0.0,79,2268.13,30.0,0.347492,80,380.3972841,2.49324,2.44949,7.22836,1,116.248
514,329.036,-0.0,51,10367.0,90.0,0.613919,80,396.264728199,1.8153,2.64575,6.85284,0,159.911
208,341.565,0.111111,57,20074.1,90.0,0.480037,80,391.518177231,0.987039,1.41421,7.46237,9,133.215
291,45.0,-0.0,55,13526.3,30.0,0.516239,80,381.713877444,0.441384,1.0,8.96039,0,86.8069
83,261.87,-0.111111,54,18786.4,30.0,0.378716,80,397.342371129,2.20452,2.44949,6.65842,6,144.775
519,225.0,-0.0,46,13812.6,0.0,0.3774,80,391.788589519,0.441825,1.73205,11.7926,1,146.155
118,90.0,-0.0,37,10060.1,150.0,0.529195,80,408.429682499,1.86869,2.0,8.43327,0,115.606
290,26.5651,0.111111,39,305.941,67.082,0.704406,10,406.159280244,4.18605,4.3589,6.01589,0,0.0
694,108.435,0.111111,59,9484.98,60.0,0.305882,80,389.13360086,0.985982,1.41421,7.46344,0,165.218
36,45.0,0.222222,60,3032.38,241.868,0.59308,80,388.175526283,5.27357,5.65685,5.78389,8,121.341
0,158.962,-0.222222,51,13474.3,30.0,0.431808,80,393.740037009,4.33461,4.79583,7.36718,26,178.96
740,12.5288,0.222222,56,516.14,742.765,0.599984,30,388.203344024,5.72431,6.0,5.70137,0,45.2694
711,258.69,-0.111111,46,16458.0,0.0,0.453171,80,398.865433674,1.58899,2.44949,8.37236,7,132.243
448,305.538,-0.111111,50,13761.4,0.0,0.477776,80,403.679869087,2.67973,3.4641,6.46298,0,151.413
533,0.0,-0.0,47,15404.1,0.0,0.463596,80,400.061138204,2.49477,2.82843,7.92089,0,176.056
434,63.4349,-0.0,80,14538.2,120.0,0.659181,10,360.163962993,5.57627,5.47723,6.42089,0,20.5618
261,-1.0,-0.0,111,3295.09,0.0,0.523586,80,375.59298103,0.0,0.0,10.309,0,31.79
334,108.435,-0.222222,51,5142.18,30.0,0.41503,80,392.306378591,3.93394,4.47214,7.17682,0,172.724
311,251.565,-0.111111,45,15672.9,512.64,0.530135,80,371.358499889,0.988713,1.41421,9.07011,0,22.6444
150,203.199,-0.0,47,21372.8,0.0,0.493347,80,384.257652796,2.37725,2.64575,6.58291,5,93.5527
656,353.66,-0.0,48,9539.1,90.0,0.346031,80,405.207177965,2.82219,3.0,7.10425,16,166.984
540,258.69,0.333333,61,18921.4,90.0,0.491562,80,387.434750191,1.59128,3.4641,6.98463,5,161.157
486,0.0,-0.111111,44,18038.9,305.941,0.468141,80,370.773952125,1.8751,2.23607,7.51355,0,32.2687
73,333.435,0.333333,47,17444.9,30.0,0.386602,80,402.252728064,1.39325,3.0,7.11759,0,163.694
553,124.38,-0.333333,201,6796.51,134.164,0.734288,30,364.301646504,14.0959,14.7986,7.42214,0,0.0
449,281.31,-0.111111,57,18450.5,67.082,0.303599,80,393.585312541,1.59036,2.0,8.08382,0,177.109
721,120.964,0.111111,52,20005.3,0.0,0.618297,80,382.169907263,1.82134,2.0,6.84952,0,112.218
95,189.462,-0.222222,38,12650.8,30.0,0.482768,80,403.129036737,3.79105,4.47214,8.88791,26,146.352
460,315.0,-0.0,32,5354.22,60.0,0.384922,80,413.719503327,0.44065,1.0,8.26891,0,137.056
32,333.435,-0.222222,42,8938.24,90.0,0.497864,80,400.549913148,1.39662,2.0,8.50146,5,65.4981
259,277.125,0.111111,39,11884.4,42.4264,0.568913,80,404.926078373,5.01988,5.19615,5.83346,9,132.039
64,236.31,-0.333333,39,12290.7,0.0,0.51655,80,402.720553544,2.24873,3.31662,9.03644,37,180.54
597,198.435,-0.111111,22,848.528,300.0,0.471308,80,408.170811431,0.988131,2.0,8.84756,0,25.6324
327,198.435,0.333333,61,13512.6,0.0,0.568497,80,390.048442889,1.97199,3.31662,6.76999,0,158.809
78,315.0,0.222222,46,7643.35,180.0,0.481235,80,406.302390929,3.08494,3.60555,6.32193,0,123.863
531,116.565,-0.111111,49,14411.1,1590.0,0.624213,10,363.157418712,1.39892,1.73205,7.11352,0,18.8586
731,288.435,-0.111111,39,7004.92,180.0,0.54138,30,403.563572231,0.987697,1.41421,8.15485,0,41.2048
129,19.9831,-0.0,50,12602.3,30.0,0.367188,80,402.449208813,7.26304,7.07107,6.55986,20,170.757
659,153.435,0.111111,47,13585.0,30.0,0.373731,80,402.566789729,2.78924,3.0,6.42287,0,174.953
267,26.5651,-0.0,60,8358.97,30.0,0.38886,80,386.62324255,1.39445,2.0,11.1772,0,126.268
213,270.0,-0.111111,43,14307.9,30.0,0.601345,60,404.00369594,1.24656,1.73205,8.61517,6,161.355
132,0.0,0.111111,57,19787.7,0.0,0.384205,80,394.339409873,1.2478,1.73205,8.3265,36,173.583
257,0.0,-0.222222,51,20868.0,0.0,0.379281,80,389.00450021,2.49602,3.16228,10.6612,22,159.289
671,95.1944,0.111111,52,16220.8,90.0,0.458938,80,399.570436601,3.44271,3.4641,6.90511,0,162.582
730,225.0,-0.111111,32,4840.05,30.0,0.584487,60,397.243081606,0.883904,1.73205,10.5172,0,91.7209
458,153.435,-0.222222,51,9528.15,90.0,0.566053,80,382.899196186,1.39204,2.0,9.75751,0,38.6035
157,185.194,0.111111,56,20736.9,0.0,0.482087,80,392.189507635,3.44332,3.74166,6.21178,29,170.293
674,6.34019,0.666667,165,5701.97,0.0,0.601963,10,365.127507299,5.64016,8.0,5.71628,0,23.0915
463,180.0,0.333333,49,17780.3,0.0,0.500578,80,374.829978967,3.12286,3.87298,6.30968,0,145.107
293,45.0,0.222222,37,3780.48,0.0,0.434338,80,416.122752683,3.08195,4.12311,6.3229,0,64.0413
5,180.0,-0.0,49,15144.1,60.0,0.482436,80,403.165188473,2.49199,2.44949,7.22886,21,175.991
286,203.199,-0.111111,57,18739.2,30.0,0.350026,80,392.863318115,2.37477,2.44949,6.58395,0,179.073
221,270.0,0.111111,56,2940.15,120.0,0.452735,80,389.454994067,1.24594,1.73205,7.22938,8,124.152
450,101.31,0.111111,50,14074.0,0.0,0.420772,80,401.516126635,1.59016,2.44949,6.98533,0,169.088
660,75.9638,-0.333333,59,8676.02,108.167,0.419241,80,380.68610442,5.13195,5.74456,8.45032,0,56.7608
461,71.565,-0.111111,54,12893.9,0.0,0.489788,80,381.622089384,0.986835,2.0,9.54202,0,79.1012
441,78.6901,0.111111,32,1572.93,30.0,0.389657,80,414.081206343,1.59195,2.0,7.67735,0,41.5096
351,18.4349,0.111111,50,13765.6,991.817,0.668118,10,363.823789409,0.989295,1.41421,8.15323,0,0.0
62,120.964,0.222222,52,16144.9,30.0,0.377754,80,400.047553928,1.81945,2.64575,6.85055,9,177.979
28,206.565,0.222222,39,13672.4,90.0,0.29391,80,405.665423224,1.39287,2.0,7.11786,2,163.377
330,336.038,-0.0,46,12735.9,120.0,0.458795,80,398.323004361,6.11277,6.32456,5.63524,3,167.982
336,210.964,0.222222,36,3853.69,60.0,0.457145,80,410.277885034,1.81739,2.64575,6.85169,0,122.489
647,303.69,0.111111,57,11625.2,390.0,0.445836,80,380.487683322,2.24323,2.23607,6.641,0,19.8067
604,29.0546,0.333333,47,11857.4,30.0,0.50755,80,405.52606716,3.20611,4.47214,6.28332,0,156.861
381,270.0,0.111111,46,13474.8,60.0,0.463553,80,398.048620273,0.623218,1.73205,7.92224,0,168.735
615,-1.0,-0.0,52,8130.22,30.0,0.384897,80,392.436874499,0.0,1.41421,10.309,0,159.935
299,180.0,-0.0,45,16605.6,0.0,0.406918,80,399.69158628,2.48941,2.44949,7.2299,0,81.7631
777,191.31,-0.111111,52,10110.0,90.0,0.404729,80,390.766501879,1.58942,2.44949,8.77756,0,173.434
455,30.9638,-0.222222,42,7048.47,84.8528,0.286189,80,414.82790101,3.64088,4.0,7.25446,0,67.2455
324,333.435,-0.0,35,2526.6,150.0,0.733855,30,408.616844753,1.3969,2.0,11.7784,2,0.0
329,45.0,-0.222222,38,8221.37,0.0,0.430875,80,406.198414447,1.76424,2.44949,9.82582,0,171.182
462,-1.0,-0.0,49,15296.4,30.0,0.678527,10,370.523698595,0.0,0.0,11.0021,0,0.0
148,206.565,0.222222,39,13672.4,90.0,0.29391,80,405.665423224,1.39287,2.0,7.11786,2,163.377
203,135.0,-0.0,42,16241.0,120.0,0.327122,80,401.07655718,4.83452,4.79583,6.56441,3,147.368
246,120.964,-0.222222,67,1485.53,150.0,0.465357,80,384.404223185,1.81709,2.64575,9.24975,0,74.9074
700,171.87,0.444444,38,2910.0,60.0,0.307109,80,410.060152973,2.20394,4.58258,6.65868,0,121.893
358,63.4349,-0.0,46,12852.5,30.0,0.492755,80,396.582764206,1.39352,2.0,7.1174,1,140.097
165,98.1301,-0.0,51,6223.83,60.0,0.395525,80,393.240568057,2.20165,2.23607,7.75834,18,161.307
87,45.0,-0.0,30,1347.33,150.0,0.409463,10,401.060421998,2.20914,2.64575,8.73577,0,17.8895
395,284.744,-0.222222,70,18677.1,30.0,0.418772,80,377.052486904,6.11457,6.245,6.32809,0,40.6511
485,81.0274,-0.222222,51,17950.0,30.0,0.596678,80,386.455249682,5.98242,5.91608,6.75557,0,158.902
182,26.5651,-0.111111,48,11090.1,60.0,0.546848,80,394.554325771,1.39357,1.73205,7.8105,11,171.897
346,212.471,-0.111111,54,15954.7,0.0,0.37245,80,400.375906654,4.05961,4.0,6.73981,0,178.861
542,270.0,-0.0,57,16552.6,120.0,0.542033,20,379.773746655,2.49655,2.44949,7.22703,0,63.4325
708,315.0,-0.222222,33,1794.24,0.0,0.601841,80,415.082261349,1.32458,2.23607,8.26676,0,0.0
19,270.0,-0.333333,55,19046.9,94.8683,0.332496,80,395.253189975,1.24829,3.0,9.01925,16,176.663
278,90.0,-0.0,57,14766.0,123.693,0.616866,20,379.974608117,2.49602,2.44949,7.63271,0,0.0
127,305.538,-0.0,54,13342.2,90.0,0.344334,80,401.815425521,2.68198,2.64575,7.15529,30,181.708
258,191.31,-0.333333,53,17955.3,60.0,0.40958,80,393.088428965,1.59154,3.4641,9.54941,28,152.254
332,0.0,-0.0,46,17040.4,60.0,0.348657,80,399.078471759,1.86965,2.0,7.51647,12,165.916
522,162.031,0.222222,517,3544.19,180.0,0.724742,20,371.496267355,22.9714,24.1661,4.25949,0,0.0
392,78.6901,0.222222,40,12280.6,42.4264,0.414905,20,394.692264224,1.59243,2.64575,6.98391,0,0.0
240,198.435,-0.111111,45,6461.78,300.0,0.42982,80,392.324797151,0.984305,1.41421,8.15829,0,0.0
266,298.571,-0.888889,391,12094.8,241.868,0.69009,20,373.271928777,32.0861,36.2077,5.81398,0,0.0
792,180.0,-0.0,25,870.0,94.8683,0.50557,80,416.361412028,0.624131,1.41421,7.92078,0,22.1902
608,90.0,0.111111,37,3561.04,108.167,0.392534,80,409.150503673,3.73727,3.87298,7.51594,0,144.481
696,165.466,0.111111,165,11027.7,84.8528,0.683677,20,378.642704861,8.62504,8.48528,6.38577,0,0.0
785,180.0,-0.0,29,3024.2,0.0,0.622627,80,417.004046643,0.623618,1.41421,7.9216,0,34.0488
308,90.0,-0.0,33,2642.22,0.0,0.504702,80,413.569128451,1.87031,2.0,6.82296,2,93.0599
547,6.34019,-0.0,44,14866.5,60.0,0.308918,80,396.511423928,2.82515,3.0,8.20181,0,172.308
146,225.0,-0.0,43,9896.27,120.0,0.392701,80,407.145493009,0.440818,1.0,8.26853,0,153.256
181,45.0,-0.0,56,8017.64,120.0,0.397281,80,390.493696164,0.440847,1.73205,8.26846,11,172.247
155,270.0,-0.333333,55,19046.9,94.8683,0.332496,80,395.253189975,1.24829,3.0,9.01925,16,176.663
328,150.945,-0.333333,53,15505.4,0.0,0.371715,80,393.998365452,3.2073,4.0,7.66925,22,177.213
230,288.435,-0.111111,59,10240.3,42.4264,0.628349,80,380.422821575,0.986739,1.41421,8.15582,2,55.9701
162,158.962,-0.222222,51,13474.3,30.0,0.431808,80,393.740037009,4.33461,4.79583,7.36718,26,178.96
305,111.801,-0.333333,33,8960.36,42.4264,0.47549,80,408.654307404,6.68205,7.14143,7.33721,0,167.705
591,73.6105,-0.111111,73,17453.8,60.0,0.455456,80,395.552370351,16.138,16.1864,6.02759,1,165.52
149,90.0,-0.0,37,10060.1,150.0,0.529195,80,408.429682499,1.86869,2.0,8.43327,0,115.606
350,291.801,0.222222,62,6814.49,270.0,0.685668,20,384.045486651,3.34977,3.4641,6.23939,0,0.0
46,193.815,0.444444,56,12833.7,60.0,0.306471,80,402.273533628,18.8842,19.7737,4.47394,49,178.906
760,149.036,-0.222222,32,323.11,60.0,0.382048,80,411.443818938,1.81776,2.64575,11.1419,0,152.716
219,71.565,0.111111,50,14903.8,0.0,0.449702,80,400.583127359,0.986483,2.0,7.46293,7,145.587
701,57.5288,-0.333333,54,15095.8,84.8528,0.51448,80,393.169583447,4.05958,4.47214,7.14528,0,163.649
474,11.3099,0.111111,108,14214.5,218.403,0.721815,30,373.67501424,11.0128,10.8628,7.23517,0,0.0
199,270.0,-0.111111,40,3159.7,120.0,0.424675,80,410.629715863,0.623551,1.0,7.92171,2,126.35
225,15.9454,0.555556,62,17250.0,67.082,0.374103,80,385.43437719,4.54043,7.14143,5.93431,2,112.26
500,86.1859,-0.222222,169,10686.1,123.693,0.529112,80,362.036153835,4.6889,5.0,7.28828,0,19.9163
119,120.964,0.222222,43,9895.45,30.0,0.510406,80,405.830077603,1.81908,2.64575,7.54391,6,133.716
411,109.654,0.333333,160,4444.96,408.044,0.670979,20,377.647483281,17.9433,18.9473,4.52875,0,28.4067
55,106.39,-0.111111,46,11101.5,60.0,0.287101,80,404.21872678,5.51217,6.16441,7.53113,65,184.227
613,165.964,-0.0,31,5755.39,420.0,0.516226,80,415.94913171,2.5675,3.4641,7.89212,0,37.8136
574,33.6901,-0.333333,51,20942.3,30.0,0.476339,20,386.980210348,2.25042,3.0,7.73641,0,88.1862
371,154.654,0.333333,78,5485.74,90.0,0.697026,80,384.114783112,6.52789,6.78233,5.569,0,137.376
71,345.964,0.111111,49,14108.3,60.0,0.31079,80,399.286884618,2.57286,3.0,6.50373,12,170.275
378,348.69,0.111111,44,13650.8,30.0,0.61525,80,404.277362569,1.58907,2.44949,6.98602,0,128.847
189,180.0,-0.0,50,9924.7,0.0,0.407357,80,392.18173451,2.49226,2.44949,7.22875,31,164.89
640,234.462,-0.111111,75,4860.09,150.0,0.457568,80,381.231034633,2.68111,3.16228,8.40837,0,135.197
780,78.6901,0.111111,73,13563.3,30.0,0.43556,80,377.555539841,1.59173,2.0,9.92879,0,57.8772
550,90.0,-0.111111,50,1070.79,335.41,0.409737,60,386.041588596,1.24599,1.73205,10.1197,6,94.0169
638,149.036,-0.222222,50,10890.0,550.727,0.630981,10,382.747636217,1.81415,2.23607,8.46291,0,0.0
391,258.69,0.222222,49,19742.7,0.0,0.520028,80,376.178771601,3.18387,3.4641,6.2903,0,54.6741
7,305.538,-0.0,54,13342.2,90.0,0.344334,80,401.815425521,2.68198,2.64575,7.15529,30,181.708
111,135.0,-0.0,58,11916.0,0.0,0.507883,80,381.868449568,0.441317,1.0,8.2674,12,79.6006
321,161.565,-0.111111,43,13449.2,558.032,0.519955,80,370.907342839,2.96448,3.16228,11.3791,0,22.8061
27,351.87,-0.0,52,6451.74,60.0,0.324224,80,392.85799223,2.20191,2.23607,6.65961,9,144.134
541,233.746,0.111111,61,17516.2,90.0,0.52804,80,390.625209556,5.78453,5.65685,6.38398,0,154.328
400,90.0,-0.0,69,12245.0,120.0,0.684778,10,362.219154353,2.49942,2.44949,7.63134,0,38.5615
425,315.0,0.444444,48,13421.0,30.0,0.396672,80,397.480080239,1.322,4.3589,7.1701,1,175.372
80,315.0,-0.222222,41,10977.7,30.0,0.277074,80,406.626874611,1.76243,2.0,7.57556,15,173.059
793,171.87,-0.0,29,3334.73,180.0,0.370765,80,414.658394889,2.20536,2.23607,7.35119,0,46.5758
14,80.5377,-0.111111,45,17128.4,42.4264,0.316887,80,402.227338351,3.78565,4.12311,7.21536,8,160.777
11,90.0,-0.0,57,13046.6,60.0,0.40941,80,391.59604269,4.97708,4.89898,7.4515,29,156.095
228,71.565,-0.333333,81,2670.0,60.0,0.411694,80,378.87233007,0.986305,2.44949,9.25487,3,136.836
364,180.0,-0.333333,58,11596.7,0.0,0.436309,80,385.287297381,1.87124,3.31662,9.38742,0,143.935
709,69.7751,-0.111111,84,10721.8,161.555,0.598942,80,362.611319646,6.30387,6.16441,6.99051,0,0.0
688,225.0,-0.0,55,16891.3,60.0,0.450706,80,391.891079618,0.441632,1.0,8.26668,0,124.51
124,158.962,-0.222222,51,13474.3,30.0,0.431808,80,393.740037009,4.33461,4.79583,7.36718,26,178.96
687,105.255,0.222222,52,13583.1,94.8683,0.661127,80,381.713877444,3.55416,3.60555,6.18002,1,90.7655
732,45.0,0.222222,36,7014.74,67.082,0.38226,80,396.402476006,1.76717,2.44949,6.87973,0,109.312
416,120.964,0.111111,43,18874.2,247.386,0.665568,80,377.09370294,3.64,3.60555,6.84924,0,0.0
559,95.1944,-0.333333,37,7197.81,60.0,0.465101,80,406.752482381,3.44148,4.0,8.85138,0,167.627
680,255.964,-0.222222,38,6386.9,60.0,0.575585,80,407.319574551,2.57051,3.16228,7.1978,0,141.334
515,149.036,-0.222222,52,3258.01,108.167,0.44593,80,390.649526507,1.81566,2.64575,9.04986,2,53.854
12,288.435,-0.111111,45,15395.5,0.0,0.356335,80,403.842527411,0.985356,1.41421,10.2973,3,167.159
335,0.0,-0.111111,40,15879.5,30.0,0.418095,80,399.612772718,0.622603,1.73205,8.61638,0,28.2331
430,264.806,0.111111,42,13954.6,0.0,0.486635,80,397.531546,3.43447,3.74166,7.31297,0,32.7474
193,78.6901,0.111111,38,7330.93,42.4264,0.491828,80,407.355797267,1.59062,2.44949,6.98504,0,131.136
21,26.5651,-0.111111,48,11090.1,60.0,0.546848,80,394.554325771,1.39357,1.73205,7.8105,11,171.897
345,90.0,-0.111111,46,19245.9,42.4264,0.620061,10,374.513764982,1.2499,1.73205,9.17211,0,27.3585
68,270.0,0.333333,65,7514.75,123.693,0.48037,80,384.212218598,1.24743,3.0,7.22818,0,156.514
260,329.036,-0.0,44,13141.7,108.167,0.683484,80,402.530960144,1.81969,2.23607,6.85042,27,107.416
108,261.87,-0.111111,54,18786.4,30.0,0.378716,80,397.342371129,2.20452,2.44949,6.65842,10,144.775
668,135.0,0.222222,46,12300.9,0.0,0.532719,80,398.98554876,1.32462,1.73205,7.16812,2,144.817
510,270.0,0.111111,29,361.248,330.0,0.42118,80,403.247228137,1.2502,1.73205,8.32458,0,19.4287
70,198.435,-0.111111,77,3696.7,60.0,0.432063,80,379.548276437,0.986299,1.41421,7.46312,0,120.282
47,341.565,0.333333,39,3468.08,60.0,0.43421,80,409.205840655,1.97486,3.60555,6.76853,6,32.6024
255,281.31,-0.111111,50,15772.2,94.8683,0.0731553,60,389.317977163,1.59051,2.44949,10.281,25,0.0
560,323.13,-0.777778,119,6738.52,123.693,0.699779,30,366.067034962,6.22425,9.0,10.94,0,0.0
26,180.0,0.111111,56,19704.2,0.0,0.664476,80,386.672794995,1.24859,1.73205,7.22725,21,174.858
769,11.3099,-0.111111,63,9294.87,150.0,0.372844,80,386.689705781,1.58992,2.44949,8.0841,0,166.57
746,15.2551,0.222222,48,15202.9,84.8528,0.456142,80,403.294263655,3.54907,4.3589,6.18146,0,161.974
385,135.0,-0.222222,34,11923.6,134.164,0.594709,80,407.866122863,1.32115,2.23607,9.11666,0,32.5947
784,84.8056,-0.111111,58,12467.4,0.0,0.308862,80,385.42101034,3.44201,3.74166,6.90531,0,156.976
762,81.8699,-0.222222,26,240.0,152.971,0.447005,80,416.006820769,2.20319,3.31662,7.35217,1,34.3416
387,120.964,0.222222,36,4172.7,120.0,0.30827,80,409.383468546,1.81766,2.23607,6.85154,0,99.0321
153,188.13,-0.0,54,19622.5,30.0,0.534523,80,390.833530366,2.20651,2.23607,6.65752,26,166.025
683,45.0,-0.444444,49,16762.6,30.0,0.317928,80,400.277836268,0.440955,3.31662,11.3593,0,178.772
565,171.87,-0.0,28,1087.06,30.0,0.520083,80,411.330927597,2.20859,2.23607,7.34972,0,0.0
719,254.055,0.555556,120,8319.25,30.0,0.577861,80,381.232982122,4.52621,6.40312,5.93746,0,26.2491
172,126.87,0.333333,56,8785.49,94.8683,0.433143,80,389.036188026,3.11499,4.12311,6.31221,15,172.741
212,164.745,-0.222222,41,10006.2,60.0,0.333288,80,407.273978011,3.54923,3.60555,8.37864,18,172.893
789,0.0,-0.111111,22,2692.16,42.4264,0.547666,10,415.597654906,1.24827,1.73205,7.92066,0,0.0
736,129.226,0.666667,819,7801.44,270.0,0.725277,20,362.018042746,34.6068,39.3446,5.38166,0,0.0
249,198.435,-0.111111,41,11629.8,0.0,0.632064,20,396.102405455,0.987688,1.41421,9.40762,2,90.6677
676,303.111,-0.222222,318,6690.47,180.0,0.654996,30,375.904931306,8.50728,8.77496,7.86606,0,0.0
529,45.0,-0.222222,40,4260.11,218.403,0.42894,80,402.706231094,3.09028,3.31662,7.92963,0,45.7798
231,315.0,-0.666667,82,2346.91,30.0,0.52784,80,380.200832742,6.58358,8.42615,7.95833,0,40.6834
61,281.31,-0.111111,44,15885.8,0.0,0.341875,80,399.479522147,1.59128,2.44949,8.93054,3,177.706
451,0.0,-0.111111,34,10154.9,127.279,0.382801,80,409.392292297,1.24574,1.73205,7.92268,0,72.4698
50,333.435,-0.333333,43,12765.3,0.0,0.393362,80,403.422345571,2.78925,3.87298,8.98781,28,161.595
34,220.236,-0.222222,74,381.838,67.082,0.60973,60,379.567450963,5.29473,5.38516,7.8593,0,81.8901
534,53.1301,-0.222222,33,9429.07,90.0,0.460278,80,410.001441204,3.11205,3.4641,7.00631,0,60.477
390,315.0,-0.222222,48,5937.42,364.966,0.424997,80,392.776482673,1.32075,1.73205,8.55734,0,69.8208
397,270.0,0.333333,53,19843.9,90.0,0.349709,80,391.213317544,0.624192,2.23607,7.92068,0,161.503
234,206.565,0.111111,50,21026.6,30.0,0.350462,80,378.471027566,2.79266,3.0,6.42164,2,121.649
89,-1.0,-0.0,37,7770.06,150.0,0.41628,80,409.425007919,0.0,1.41421,10.309,0,84.0213
130,210.964,-0.222222,46,11282.3,90.0,0.391597,80,404.985785255,1.81743,2.23607,7.95028,10,183.163
535,315.0,-0.222222,53,17055.3,90.0,0.332215,80,394.120764502,1.32437,2.23607,8.5546,0,170.231
131,147.995,0.111111,47,16703.2,60.0,0.515419,80,401.893288675,5.86046,5.91608,6.37085,8,162.762
464,225.0,0.222222,48,8719.89,182.483,0.342409,80,394.937398028,1.76096,2.82843,6.88325,0,88.201
265,304.695,0.111111,45,10961.5,120.0,0.581784,80,397.040692587,4.91191,5.09902,6.54846,0,83.5018
205,270.0,0.111111,45,10609.4,123.693,0.367086,80,404.37686914,1.24782,1.73205,7.22787,47,169.883
331,59.9314,-0.222222,44,17179.4,0.0,0.329784,80,400.350810014,6.81054,6.85565,7.47214,0,173.026
90,0.0,0.111111,57,19787.7,0.0,0.384205,80,394.339409873,1.2478,1.73205,8.3265,36,173.583
776,180.0,-0.111111,40,10100.0,84.8528,0.37727,80,406.480113605,1.24821,1.73205,7.9207,0,120.174
418,270.0,-0.0,32,1500.0,30.0,0.381034,80,415.777175993,0.623546,1.41421,7.92172,0,80.569
9,-1.0,-0.222222,45,16075.5,30.0,0.48752,80,399.061436375,0.0,2.0,10.309,12,175.199
642,144.462,-0.111111,55,18721.0,30.0,0.36525,80,398.40857162,2.68029,3.16228,6.46277,0,170.134
361,98.9726,-0.222222,104,9924.7,60.0,0.642053,80,363.096775876,5.99039,6.08276,7.9582,0,0.0
747,135.0,-0.0,39,16590.9,0.0,0.392198,80,401.364128878,4.83515,4.79583,7.48057,0,120.239
445,67.3194,-0.333333,1053,12375.3,270.0,0.69486,20,358.205094339,38.3968,44.3959,5.02006,0,0.0
271,98.1301,-0.0,47,5924.91,174.929,0.554598,80,392.247761805,2.20024,2.23607,7.35351,0,117.744
571,143.13,-0.333333,126,5025.69,474.342,0.652212,20,379.576630893,3.11373,4.79583,10.1838,0,0.0
121,23.1986,0.111111,38,10425.7,90.0,0.390653,80,406.969206861,2.37224,2.44949,6.58502,32,176.268
270,71.565,-0.111111,49,16320.2,150.0,0.413685,80,387.469304953,0.988003,1.41421,7.4614,0,110.22
796,333.435,-0.111111,45,12009.4,468.615,0.681176,80,363.671565642,4.19113,4.12311,8.21189,0,20.1275
222,315.0,-0.222222,63,8094.11,180.0,0.684668,20,381.69031453,1.7642,2.82843,9.44636,1,61.2991
766,210.964,-0.222222,31,0.0,42.4264,0.511836,10,410.236621022,1.82147,2.64575,8.79535,0,50.5981
439,281.31,-0.111111,47,16205.4,0.0,0.475478,80,403.051388478,1.58848,2.0,7.67954,0,156.081
156,143.13,0.111111,55,20126.2,150.0,0.402189,80,393.228116777,3.11813,3.60555,6.3112,27,151.985
596,78.6901,0.222222,104,8805.29,789.177,0.444576,80,378.534133422,6.32778,6.48074,5.6004,0,10.6279
348,149.036,-0.222222,81,2394.37,60.0,0.635739,80,381.037190745,1.81683,2.64575,8.23829,0,72.3777
81,270.0,-0.333333,55,19046.9,94.8683,0.332496,80,395.253189975,1.24829,3.0,9.01925,16,176.663
484,71.565,0.777778,313,8469.36,593.97,0.64659,30,377.774363825,1.96971,10.1489,6.77115,0,0.0
29,101.31,-0.0,40,17629.2,150.0,0.506246,80,402.224881415,1.58803,1.73205,6.98667,6,131.16
765,108.435,-0.111111,66,10951.0,60.0,0.399643,80,378.655922467,0.986987,1.41421,8.15557,0,78.1343
312,333.435,0.111111,34,1129.29,271.662,0.529381,80,413.438364652,1.39653,2.64575,7.11524,0,33.3386
143,270.0,-0.111111,45,10635.3,90.0,0.332721,80,404.37686914,1.24782,1.73205,7.92102,50,169.883
672,45.0,-0.222222,39,17232.8,120.0,0.461021,80,401.369814408,1.32126,2.23607,8.26928,0,115.917
771,35.5377,-0.111111,32,900.0,30.0,0.359503,80,416.876678065,2.67996,2.82843,7.15604,0,76.8007
532,45.0,-0.0,58,218.403,990.0,0.429842,30,388.975255049,1.76087,2.0,6.8833,0,0.0
555,291.038,0.333333,70,18790.1,30.0,0.508758,80,390.77952409,8.63194,9.32738,5.28635,12,162.389
609,315.0,-0.0,79,840.536,120.0,0.465259,80,381.17440116,0.44092,1.0,8.96144,0,92.3389
469,71.565,-0.111111,47,9978.82,30.0,0.67505,80,392.918404419,0.985566,1.41421,12.3467,0,124.282
536,254.055,0.111111,51,14435.1,270.0,0.635526,80,364.479857421,4.54532,4.58258,5.93323,0,28.9099
65,26.5651,-0.111111,48,11090.1,60.0,0.546848,80,394.554325771,1.39357,1.73205,7.8105,11,171.897
66,209.055,-0.333333,46,10790.5,94.8683,0.652555,80,395.362104086,3.2051,4.47214,8.48086,19,86.0126
317,278.973,-0.222222,50,17309.7,30.0,0.37426,80,395.137891472,5.98301,5.91608,6.75547,3,173.807
297,116.565,0.333333,42,11184.6,0.0,0.34523,80,406.161660915,2.78561,3.87298,6.42417,0,180.815
374,349.019,0.111111,124,14809.0,30.0,0.434325,80,375.273101398,20.4085,20.8327,5.4885,0,0.0
116,123.69,-0.222222,64,8861.18,94.8683,0.509658,80,382.786448395,2.24843,2.82843,8.58459,0,95.1284
300,327.095,-0.333333,45,7825.46,120.0,0.407232,80,406.43196651,6.28944,6.78233,6.99282,0,151.853
482,158.199,-0.222222,51,15559.9,182.483,0.485813,80,389.147572816,3.36119,3.4641,7.62228,0,154.272
58,345.964,0.111111,57,14372.0,0.0,0.475587,80,392.68641784,2.57,2.64575,6.50485,11,126.749
379,51.7098,0.333333,117,9791.45,483.735,0.447015,80,369.673540995,7.51908,7.61577,7.50566,0,0.0
493,68.1986,0.222222,54,16010.7,60.0,0.451878,80,399.320834916,3.35615,3.4641,6.23749,19,144.014
648,225.0,-0.0,55,19641.0,30.0,0.283726,80,387.888534501,0.441476,1.0,11.1003,0,175.276
99,180.0,-0.111111,50,15788.2,30.0,0.574135,60,389.317977163,1.24783,2.64575,9.62576,33,153.412
298,0.0,-0.111111,105,9550.56,90.0,0.685386,20,378.506628942,1.24595,1.73205,7.92252,0,20.7849
734,206.565,0.222222,32,2172.05,120.0,0.479729,80,412.530908735,5.56909,6.0,5.72904,0,103.686
655,258.69,-0.0,30,3849.48,30.0,0.474328,80,414.93321125,1.58859,1.73205,7.67947,0,86.9435
546,277.125,0.111111,81,3242.36,84.8528,0.416959,80,384.278365779,5.01095,5.19615,5.83525,0,40.0552
581,-1.0,-0.0,49,19590.8,30.0,0.674879,80,388.709512818,0.0,0.0,14.3865,1,73.3762
757,315.0,-0.0,33,11216.1,201.246,0.572381,80,405.695065402,3.52684,3.74166,7.28637,0,133.632
307,236.31,0.111111,34,894.986,523.927,0.576204,30,408.977201744,2.25215,2.23607,6.63702,0,30.6925
779,165.964,0.333333,49,11612.2,300.0,0.462626,20,397.536787361,2.57372,3.60555,6.5034,0,88.5857
194,348.69,-0.111111,36,8386.54,30.0,0.338575,80,407.295697494,1.59154,2.0,9.87483,0,66.7728
421,108.435,0.111111,54,19867.3,189.737,0.477336,80,396.032441622,0.986716,1.41421,7.4627,3,143.187
636,251.565,0.111111,65,6334.55,0.0,0.488964,80,384.913483702,0.986075,1.41421,8.84964,0,129.93
695,-1.0,-0.0,48,16849.0,30.0,0.360575,80,400.815326309,0.0,0.0,10.309,0,160.506
743,50.7106,-0.333333,52,5777.86,120.0,0.624225,80,389.267663222,4.4214,5.47723,8.60004,0,145.108
241,126.87,0.333333,56,8785.49,94.8683,0.433143,80,389.036188026,3.11499,4.12311,6.31221,15,172.741
649,153.435,-0.222222,54,18158.9,90.0,0.34471,80,394.125933931,1.39477,2.0,8.21511,0,171.539
523,26.5651,-0.222222,37,10384.7,0.0,0.611792,20,395.821820738,1.39687,2.0,9.06091,0,31.8889
739,112.068,0.111111,49,15151.9,0.0,0.44678,80,400.881530884,12.2687,12.2474,5.62007,0,154.358
684,153.435,0.222222,47,12108.3,210.0,0.564769,80,366.958918841,1.39891,2.0,7.11353,0,36.4193
117,341.565,-0.111111,52,7848.14,60.0,0.572434,80,390.790925831,0.985612,1.41421,9.07326,3,165.29
619,180.0,-0.0,104,7976.16,429.535,0.69147,10,366.623004092,2.49802,2.82843,8.4792,0,0.0
549,18.4349,0.111111,36,4493.19,30.0,0.414538,80,412.615343518,0.9854,1.41421,7.46403,0,62.9615
584,63.4349,0.111111,40,6210.58,0.0,0.428015,10,402.721898983,1.39686,1.73205,7.115,0,45.833
590,293.199,0.333333,47,16180.5,0.0,0.596492,80,371.358499889,2.37986,3.16228,6.58181,0,0.0
76,194.036,-0.111111,48,6592.15,0.0,0.452281,80,407.397183171,5.1295,5.56776,5.81174,8,183.878
280,149.036,-0.222222,52,16588.8,60.0,0.662367,80,362.325794938,1.82285,2.23607,7.54183,0,0.0
509,225.0,-0.0,50,20601.7,60.0,0.666376,80,386.337767729,1.76572,2.0,6.88055,0,0.0
436,270.0,-0.0,53,18660.1,60.0,0.282153,80,390.098100089,2.49649,2.82843,7.22705,0,164.161
786,236.31,0.111111,35,241.868,30.0,0.693473,10,418.251258068,2.25087,3.60555,6.63759,0,0.0
576,126.87,-0.111111,46,7152.66,394.588,0.436617,80,393.792439587,3.11069,3.60555,7.00674,0,73.9314
98,243.435,-0.222222,47,14322.6,0.0,0.391825,80,394.215853412,1.39414,2.82843,11.1945,8,177.417
623,57.5288,0.111111,40,8702.53,30.0,0.465113,80,408.630397871,4.05659,4.0,6.74056,0,133.602
693,168.69,0.111111,50,16102.0,60.0,0.468434,80,366.974841639,1.5937,2.0,8.59254,0,29.1165
480,-1.0,-0.0,67,7071.67,180.0,0.65349,80,382.721485513,0.0,0.0,11.4076,0,109.265
577,285.255,0.222222,48,14269.4,42.4264,0.462121,80,404.201869739,3.54875,3.60555,6.18155,0,175.291
505,333.435,-0.111111,40,2058.01,123.693,0.651773,10,409.177751354,2.7922,3.0,7.11495,0,56.8141
323,210.964,-0.222222,47,12662.0,0.0,0.510566,80,403.472025211,1.81752,2.64575,9.24951,1,180.216
588,180.0,-0.333333,63,5210.77,189.737,0.325118,80,383.97858679,1.24569,3.0,10.4076,0,34.996
399,225.0,-0.444444,32,3884.86,60.0,0.336529,80,412.945020198,3.08224,4.3589,8.96186,0,73.0588
453,116.565,0.222222,34,6312.35,67.082,0.616092,20,409.910204747,2.7902,3.16228,6.42252,0,15.3811
471,167.735,0.555556,39,626.418,30.0,0.680775,30,406.821357504,7.31692,8.3666,5.45378,0,27.9358
489,198.435,0.222222,52,13830.7,210.0,0.442305,80,368.308154982,1.97591,3.16228,6.768,0,62.8954
600,239.744,-0.333333,305,7995.21,134.164,0.739077,20,376.937050966,8.60678,9.0,6.89875,0,0.0
563,171.87,0.222222,54,11627.5,210.0,0.62121,30,382.040046927,2.19997,3.0,6.66049,0,26.8619
643,258.69,-0.111111,40,8956.95,120.0,0.429558,80,409.022276829,1.59105,2.0,7.67792,1,115.088
467,326.689,0.222222,484,8946.09,30.0,0.65379,20,374.255183601,24.5344,25.4951,5.28408,0,0.0
207,338.962,0.444444,59,14034.5,60.0,0.343662,80,397.867122486,12.8283,13.0767,4.88086,48,172.411
359,198.435,0.111111,55,6802.86,127.279,0.432512,80,389.882212463,0.985644,1.41421,8.5624,0,145.242
749,243.435,0.111111,47,18998.4,120.0,0.551205,80,386.029723999,1.39669,1.73205,7.11512,0,138.863
285,171.87,-0.0,45,18739.2,108.167,0.514314,80,388.48900343,2.20729,2.64575,7.35031,0,114.298
243,333.435,-0.333333,74,5806.22,108.167,0.586493,20,383.010976499,2.78736,3.87298,11.5295,2,101.126
75,8.1301,-0.0,50,6654.39,42.4264,0.361323,80,392.422410675,2.20201,2.23607,8.04585,7,103.791
641,296.565,-0.111111,36,8448.72,0.0,0.351595,80,408.604537722,1.39545,1.73205,9.82406,0,101.848
564,341.565,-0.333333,42,12354.2,60.0,0.376299,80,404.851297749,0.986978,2.82843,11.176,0,176.42
527,108.435,-0.111111,51,5258.31,90.0,0.420439,80,392.306378591,0.984917,2.0,7.46452,0,160.778
456,153.435,0.222222,34,1812.46,60.0,0.533021,80,411.514483783,1.39454,2.0,7.11667,5,115.453
567,117.255,-0.666667,136,7098.09,150.0,0.685487,20,379.145144197,11.4154,12.7671,6.94701,0,0.0
423,329.036,0.111111,32,4750.62,174.929,0.380583,80,413.743572794,1.8181,2.0,6.8513,0,90.9056
163,26.5651,-0.111111,48,11090.1,60.0,0.546848,80,394.554325771,1.39357,1.73205,7.8105,11,171.897
476,191.31,-0.222222,54,9848.23,150.0,0.434934,80,391.101488807,6.33281,7.07107,8.69064,0,175.78
30,341.565,-0.111111,52,7848.14,60.0,0.572434,80,390.790925831,0.985612,1.41421,9.07326,3,165.29
722,243.435,0.111111,52,5749.76,210.0,0.644719,80,391.126155535,2.78178,4.12311,6.42555,0,22.7431
758,210.964,-0.222222,57,14544.3,30.0,0.669573,20,381.070319065,1.81966,2.64575,8.79635,0,62.6331
698,126.254,-0.333333,43,9283.73,30.0,0.39722,80,406.391445961,5.78026,6.0,6.79019,22,152.272
585,45.0,-0.0,48,13481.5,0.0,0.620069,80,395.417938641,0.441668,1.0,8.2666,0,0.0
353,225.0,0.222222,47,8258.34,330.0,0.517871,80,394.683113255,1.76118,2.44949,6.88312,0,81.3132
101,116.565,-0.111111,62,9502.8,90.0,0.484004,80,383.551402736,2.78807,3.0,7.5219,0,95.7004
154,113.199,-0.0,60,18779.0,0.0,0.543814,80,393.137202821,4.74399,4.69042,5.89026,14,147.168
164,45.0,-0.222222,51,7941.45,120.0,0.396022,80,391.766847776,4.83687,4.79583,6.56392,9,161.951
388,108.435,-0.111111,55,4882.26,30.0,0.492616,80,390.614810873,0.98524,2.0,9.54364,0,66.0394
33,225.0,0.111111,41,14270.7,90.0,0.481529,80,392.793321269,0.883443,1.73205,7.57327,3,121.78
521,90.0,0.111111,44,13562.8,120.0,0.553321,80,400.623984125,3.11907,3.31662,6.3109,9,173.395
6,52.125,-0.0,46,11976.4,42.4264,0.490511,80,404.110943614,3.55078,3.87298,6.18098,40,180.408
233,309.806,-0.333333,111,763.675,30.0,0.700797,20,381.161797464,4.8577,5.56776,7.65822,1,28.5791
306,63.4349,0.222222,49,15771.8,240.0,0.590508,80,366.483472321,1.39786,2.0,7.11429,0,0.0
100,180.0,0.111111,59,10203.4,67.082,0.702031,80,380.422821575,0.624107,1.0,7.92082,0,44.4619
745,90.0,-0.111111,40,14873.0,296.985,0.434659,80,404.510634924,1.24592,1.73205,8.61568,0,114.225
357,164.745,-0.222222,46,21067.5,60.0,0.243817,60,384.665567676,3.55605,4.3589,8.37671,0,0.0
417,70.7693,0.333333,249,9192.44,0.0,0.694532,30,362.698175213,13.9516,14.1421,4.79379,0,0.0
617,-1.0,-0.0,64,7674.37,30.0,0.303599,80,383.474633971,0.0,0.0,11.0021,0,149.425
60,155.924,-0.333333,61,14438.2,0.0,0.446316,80,401.349125929,15.663,16.1864,5.77138,4,174.331
646,45.0,-0.222222,61,1705.78,192.094,0.583107,80,385.096286205,1.32162,2.23607,9.24983,0,116.4
424,180.0,0.222222,48,13430.0,180.0,0.368736,80,397.033551111,1.8693,2.44949,6.8235,0,168.819
137,239.036,0.222222,52,16248.7,0.0,0.381671,80,400.743168147,1.81754,3.0,6.8516,0,177.939
16,164.745,-0.222222,54,17798.1,0.0,0.324606,80,397.254423585,3.5542,3.87298,7.56631,28,177.151
614,90.0,-0.222222,46,14294.1,0.0,0.480346,80,399.407567378,5.59068,6.63325,7.33458,0,176.939
287,225.0,-0.0,58,14297.8,30.0,0.447247,80,384.096067091,0.441344,1.0,8.26733,0,107.251
123,344.745,-0.222222,46,4442.94,120.0,0.484645,80,391.665109211,3.54561,3.87298,9.01565,0,66.7742
497,251.565,0.111111,47,19866.5,189.737,0.575645,80,375.612824406,0.988206,1.41421,8.84748,0,43.1026
764,341.565,0.111111,66,8022.07,30.0,0.330823,80,381.009931554,0.986518,1.41421,7.4629,0,61.2246
200,302.471,0.111111,44,6207.1,0.0,0.411235,80,407.234454671,4.05973,4.24264,6.73978,33,157.911
412,315.0,0.222222,36,4569.46,258.07,0.446083,80,413.743572794,1.32302,2.23607,7.16933,0,83.3242
667,180.0,-0.111111,70,5243.22,90.0,0.462249,80,380.576203029,1.24752,1.73205,9.62601,0,155.324
526,156.801,0.111111,45,16241.5,169.706,0.477424,80,403.051388478,2.37172,2.82843,6.58524,0,148.864
380,215.538,-0.111111,27,7998.08,90.0,0.445944,80,410.82205578,2.68279,3.16228,9.95834,0,65.4036
422,144.462,-0.111111,55,120.0,94.8683,0.156534,60,383.015807685,5.34751,5.19615,6.46303,0,39.1779
201,243.435,-0.0,42,12879.5,30.0,0.684403,60,404.035260379,5.56616,5.83095,7.52132,4,184.539
554,41.6335,0.111111,98,3693.9,84.8528,0.463736,80,382.823798628,7.46226,7.4162,6.82018,0,90.8093
2,90.0,-0.222222,45,14544.4,0.0,0.488316,80,397.751396449,6.82445,6.78233,9.18773,9,159.841
31,153.435,-0.222222,56,12083.9,30.0,0.494298,80,386.520682309,1.39489,2.82843,7.80956,1,124.106
107,0.0,0.111111,57,19787.7,0.0,0.384205,80,394.339409873,1.2478,1.73205,8.3265,36,173.583
77,0.0,-0.111111,39,8358.43,60.0,0.35938,80,406.169675142,1.24788,1.73205,8.32644,0,86.7616
479,116.565,-0.111111,52,13290.1,30.0,0.395785,80,402.781829264,8.30882,8.66025,5.32506,20,178.082
190,161.565,0.111111,48,12900.3,0.0,0.564103,80,398.15222632,2.95344,3.16228,6.36557,14,180.369
761,203.199,-0.111111,34,6915.96,30.0,0.509342,20,409.758208533,2.37614,2.44949,7.96967,0,0.0
120,180.0,-0.222222,45,8358.59,123.693,0.491753,80,394.963457896,2.49052,3.16228,8.73353,14,158.45
356,270.0,-0.0,44,15997.8,67.082,0.418772,80,400.620573948,0.622921,1.41421,7.92272,0,102.111
767,156.801,0.111111,36,10296.3,276.586,0.72002,20,406.815594343,2.37572,2.44949,6.58355,0,90.0011
218,108.435,-0.111111,46,12931.8,60.0,0.3522,80,402.221824274,0.986436,1.41421,7.46298,6,155.619
133,296.565,-0.222222,55,19335.4,42.4264,0.350617,80,393.849128484,1.39502,2.0,8.21493,5,181.713
302,180.0,-0.0,54,19171.9,30.0,0.384042,80,396.349842239,4.97957,4.89898,6.53471,5,126.884
494,203.199,-0.333333,24,60.0,180.0,0.679471,10,417.244918672,2.37702,3.74166,9.52744,0,0.0
504,0.0,-0.111111,46,5075.59,150.0,0.367131,80,392.033850231,3.73116,3.87298,7.2299,0,106.638
22,188.13,-0.0,53,11785.2,60.0,0.555174,80,393.771268368,2.20331,2.64575,7.35212,34,173.503
82,54.4623,0.111111,69,5508.0,60.0,0.625895,80,380.924156355,2.68128,2.82843,6.4624,5,153.357
426,180.0,0.111111,52,14636.8,1020.0,0.670893,10,363.483918182,3.74888,3.87298,6.81969,0,0.0
56,11.3099,0.111111,48,15016.5,30.0,0.465396,80,399.836438555,1.59139,2.0,8.08317,4,161.916
340,51.3402,-0.111111,52,4729.45,30.0,0.369051,80,390.071028038,3.98397,4.12311,7.45183,2,53.7021
114,33.6901,0.222222,59,2413.46,256.32,0.322461,30,386.250455317,6.70685,6.9282,6.23486,3,38.2909
84,101.31,-0.111111,47,12529.8,0.0,0.4462,80,402.687607201,1.59012,2.44949,10.792,32,171.136
420,270.0,-0.111111,39,7510.13,169.706,0.596212,30,404.750798307,1.24915,1.73205,8.32542,0,25.8088
644,-1.0,-0.0,41,7343.63,360.0,0.598916,20,400.181785103,0.0,0.0,10.309,0,61.2763
126,225.0,0.111111,41,14270.7,90.0,0.481529,80,392.793321269,0.883443,1.73205,7.57327,3,121.78
8,158.199,0.111111,46,12367.1,0.0,0.332039,80,405.246476927,6.6835,6.7082,5.54523,15,174.729
713,0.0,0.111111,54,21104.4,42.4264,0.492042,80,381.739210919,1.24923,1.73205,7.22674,2,136.936
227,90.0,-0.0,79,2268.13,30.0,0.347492,80,380.3972841,2.49324,2.44949,7.22836,1,116.248
783,207.474,0.555556,71,15823.7,30.0,0.494419,80,391.678990343,8.72207,10.4881,5.2758,0,135.234
435,51.3402,0.333333,35,2471.32,0.0,0.569698,80,413.592003147,3.98503,4.3589,6.06527,1,122.35
544,315.0,0.222222,54,20704.0,30.0,0.453758,80,388.267538187,2.20669,2.64575,6.65743,0,152.693
309,270.0,-0.111111,72,2952.98,30.0,0.561993,80,382.395615093,1.24704,1.73205,8.61479,0,81.7357
720,116.565,0.222222,33,30.0,120.0,0.393573,80,411.763581477,1.39431,2.0,7.11683,0,92.1764
665,104.036,-0.0,35,5432.32,295.466,0.35998,80,412.612923943,2.56781,2.82843,7.60431,0,121.158
626,336.801,-0.111111,39,1950.0,30.0,0.591179,30,408.470841976,2.37822,2.44949,7.27565,0,48.3917
487,116.565,-0.111111,78,10209.9,90.0,0.45025,80,377.944471872,1.39566,1.73205,7.11586,0,47.7533
483,198.435,-0.111111,37,11196.2,0.0,0.463009,80,405.313336004,0.986896,2.82843,7.46252,0,153.166
74,26.5651,-0.111111,48,11090.1,60.0,0.546848,80,394.554325771,1.39357,1.73205,7.8105,11,171.897
621,113.199,-0.111111,44,15230.5,30.0,0.574291,80,375.304668058,2.37983,2.82843,8.19126,0,32.0175
431,123.69,0.111111,62,18562.9,0.0,0.323004,80,387.02351876,2.24981,2.23607,6.63807,1,160.252
140,74.7449,-0.222222,52,18307.1,60.0,0.3603,80,396.258274264,3.55426,3.87298,7.56629,0,166.557
